Model,Model A (Seasonal) R²,Model B (Growth Stage) R²,Improvement (%),Model A RMSE,Model B RMSE
Linear Regression,-2.023494080996299,-1.8998860516146503,-6.1086429924612515,6.87564369814956,6.73363029710431
Ridge,-1.9818802904112793,-1.3326354098594018,-32.75903613820926,6.828163377325792,6.039239233240646
Random Forest,-2.072587411586012,-1.5401921829596308,-25.687468024278637,6.931239812463405,6.30219866422979
