Model,R²,R² Std,RMSE,Climate Contribution
Controls Only,0.52874552177823,0.1518334956893351,4.39750768308256,0.0
Controls + Seasonal,0.49596595216898043,0.15532031708820668,4.561699805360375,-0.03277956960924955
Controls + Growth Stage,0.3676665947228257,0.2009773497445907,5.087826745192289,-0.16107892705540428
