Feature,Correlation,Abs_Correlation,P_value,Significant
seasonal_tmax_mean,0.13736765210615204,0.13736765210615204,0.07491596628870789,No
seasonal_tmin_mean,0.1840529084702808,0.1840529084702808,0.016600846657551425,Yes
seasonal_rainfall_total,-0.12114686820118045,0.12114686820118045,0.11664670296901819,No
