Metric,Seasonal,Growth Stage,Improvement
Avg Correlation,0.09584786573725045,0.13710714759213932,43.0%
R² (full model),0.027837093305617677,0.1902495105079135,583.4%
RMSE,4.215830640425282,3.8475940315488977,8.7%
